post_id,platform,post_text,hashtags,timestamp,image_url,likes,comments,author,view_count,duration,channel_id,url,scraped_at
vdRp_w9f-qM,youtube,"I can't STOP reading these Machine Learning Books!

Get notified of the free Python course on the home page at https://www.coursesfromnick.com Sign up for the Full Stack course here and use YOUTUBE50 to get 50% off: https://www.coursesfromnick.com/bundl... Hopefully you enjoyed this video. üíº Find AWESOME ML Jobs: https://www.jobsfromnick.com Oh, and don't forget to connect with me! LinkedIn: https://bit.ly/324Epgo Facebook: https://bit.ly/3mB1sZD GitHub: https://bit.ly/3mDJllD Patreon: https://bit.ly/2OCn3UW Join the Discussion on Discord: https://bit.ly/3dQiZsV Happy coding! Nick P.s. Let me know how you go and drop a comment if you need a hand!","machinelearning,python,datascience",2023-01-24T02:32:13Z,https://i.ytimg.com/vi/vdRp_w9f-qM/maxresdefault.jpg,58384,197,Nicholas Renotte,830161,PT26S,UCHXa4OpASJEwrHrLeIzw7Yg,https://www.youtube.com/watch?v=vdRp_w9f-qM,2025-05-18T10:20:35.098736
ukzFI9rgwfU,youtube,"Machine Learning | What Is Machine Learning? | Introduction To Machine Learning | 2024 | Simplilearn

üî•Artificial Intelligence Engineer (IBM) - https://www.simplilearn.com/masters-in-artificial-intelligence?utm_campaign=ukzFI9rgwfU&utm_medium=DescriptionFirstFold&utm_source=Youtube üî•IITK - Professional Certificate Course in Generative AI and Machine Learning (India Only) - https://www.simplilearn.com/iitk-professional-certificate-course-ai-machine-learning?utm_campaign=ukzFI9rgwfU&utm_medium=DescriptionFirstFold&utm_source=Youtube üî•Purdue - Post Graduate Program in AI and Machine Learning - https://www.simplilearn.com/pgp-ai-machine-learning-certification-training-course?utm_campaign=ukzFI9rgwfU&utm_medium=DescriptionFirstFold&utm_source=Youtube üî•IITG - Professional Certificate Program in Generative AI and Machine Learning (India Only) - https://www.simplilearn.com/iitg-generative-ai-machine-learning-program?utm_campaign=ukzFI9rgwfU&utm_medium=DescriptionFirstFold&utm_source=Youtube üî•Purdue - Applied Generative AI Specialization - https://www.simplilearn.com/applied-ai-course?utm_campaign=ukzFI9rgwfU&utm_medium=DescriptionFirstFold&utm_source=Youtube This Machine Learning basics video will help you understand what Machine Learning is, what are the types of Machine Learning - supervised, unsupervised & reinforcement learning, how Machine Learning works with simple examples, and will also explain how Machine Learning is being used in various industries. Machine learning is a core sub-area of artificial intelligence; it enables computers to get into self-learning mode without being explicitly programmed. When exposed to new data, these computer programs are enabled to learn, grow, change, and develop by themselves. So, the iterative aspect of machine learning is the ability to adapt to new data independently. This is possible as programs learn from previous computations and use ""pattern recognition"" to produce reliable results. The below topics are explained in this Machine Learning basics video: 1. What is Machine Learning? ( 00:21 ) 2. Types of Machine Learning ( 02:43 ) 2. What is Supervised Learning? ( 02:53 ) 3. What is Unsupervised Learning? ( 03:46 ) 4. What is Reinforcement Learning? ( 04:37 ) 5. Machine Learning applications ( 06:25 ) Subscribe to our channel for more Machine Learning Tutorials: https://www.youtube.com/user/Simplilearn?sub_confirmation=1 Download the Machine Learning Career Guide to explore and step into the exciting world of Machine Learning and follow the path toward your dream career- https://bit.ly/3eLuTUo Watch more videos on Machine Learning: https://www.youtube.com/watch?v=7JhjINPwfYQ&list=PLEiEAq2VkUULYYgj13YHUWmRePqiu8Ddy ‚û°Ô∏è About Artificial Intelligence Engineer This Artificial Intelligence Engineer course Created in partnership with IBM, this course introduces students to blended learning and prepares them to be AI and Data Science specialists. In Armonk, New York, IBM is a significant cognitive service and integrated cloud solution firm that provides many technology and consulting solutions. IBM is a leader in AI and Machine Learning technology verticals for 2021. This AI masters course will prepare students for Artificial Intelligence and Data Analytics careers. ‚úÖ Key Features - Add the IBM Advantage to your Learning - 25 Industry-relevant Projects and Integrated labs - Immersive Learning Experience - Simplilearn's JobAssist helps you get noticed by top hiring companies ‚úÖ Tools Covered - ChatGPT - Flask - Matplotlib - django - Python - Numpy - Pandas - SciPy - Keras - OpenCV - And Many More‚Ä¶ üëâLearn More at: https://www.simplilearn.com/pgp-ai-machine-learning-certification-training-course?utm_campaign=MachineLearningscribe&utm_medium=DescriptionFirstFold&utm_source=youtube","MachineLearning,WhatIsMachineLearning,MachineLearningTutorial,MachineLearningBasics,MachineLearningTutorialForBeginners,Simplilearn",2018-09-19T14:57:02Z,https://i.ytimg.com/vi/ukzFI9rgwfU/maxresdefault.jpg,63450,2125,Simplilearn,5019854,PT7M52S,UCsvqVGtbbyHaMoevxPAq9Fg,https://www.youtube.com/watch?v=ukzFI9rgwfU,2025-05-18T10:20:36.291454
_3pgLrYWZfo,youtube,"Roadmap to learn machine learning #math #programming #database #machinelearning #engineer

",,2024-02-15T06:55:00Z,https://i.ytimg.com/vi/_3pgLrYWZfo/maxresdefault.jpg,4822,37,Math360,299566,PT2S,UCYwB9QWdSIQvTVBVUUibfgw,https://www.youtube.com/watch?v=_3pgLrYWZfo,2025-05-18T10:20:37.047996
qYNweeDHiyU,youtube,"AI, Machine Learning, Deep Learning and Generative AI Explained

Want to learn about AI agents and assistants? Register for Virtual Agents Day here ‚Üí https://ibm.biz/BdaAVa Want to play with the technology yourself? Explore our interactive demo ‚Üí https://ibm.biz/BdKSer Join Jeff Crume as he dives into the distinctions between Artificial Intelligence (AI), Machine Learning (ML), Deep Learning (DL), and Foundation Models and how these technologies have evolved over time. He also explores the latest advancements in Generative AI, including large language models, chatbots, and deepfakes - and clarifies common misconceptions, simplifies complex concepts, and discusses the impact these technologies have on various fields. AI news moves fast. Sign up for a monthly newsletter for AI updates from IBM ‚Üí https://ibm.biz/BdKSei",,2024-08-05T11:00:52Z,https://i.ytimg.com/vi/qYNweeDHiyU/maxresdefault.jpg,42497,1031,IBM Technology,1654886,PT10M1S,UCKWaEZ-_VweaEx1j62do_vQ,https://www.youtube.com/watch?v=qYNweeDHiyU,2025-05-18T10:20:38.201508
9gGnTQTYNaE,youtube,"What is Machine Learning?

Learn about watsonx: https://ibm.biz/BdvxRR What is Machine Learning and how do businesses leverage it today? How does Machine Learning differ from Artificial Intelligence (AI) and Deep Learning, or are they all the same? In this lightboard video, Luv Aggarwal with IBM Cloud, answers these questions and many more as he visually explains what Machine Learning is, how it compares to AI and Deep Learning, as well as why and how an enterprise would use a Machine Learning solution. Chapters 0:00 - Intro 0:17 - Differences between Machine Learning, AI, and Deep Learning 1:32 - Supervised Learning 4:26 - Unsupervised Learning 6:38 - Reinforcement Learning 7:44 - Summary","MachineLearning,AI,DeepLearning,watsonx",2021-07-14T14:07:15Z,https://i.ytimg.com/vi/9gGnTQTYNaE/maxresdefault.jpg,5049,74,IBM Technology,284614,PT8M23S,UCKWaEZ-_VweaEx1j62do_vQ,https://www.youtube.com/watch?v=9gGnTQTYNaE,2025-05-18T10:20:39.220928
PeMlggyqz0Y,youtube,"Machine Learning Explained in 100 Seconds

Machine Learning is the process of teaching a computer how perform a task with out explicitly programming it. The process feeds algorithms with large amounts of data to gradually improve predictive performance. üîó Resources Machine Learning Tutorials https://fireship.io/tags/machine-learning/ What is ML https://www.ibm.com/cloud/learn/machine-learning Neural Networks https://towardsdatascience.com/a-beginners-guide-to-convolutional-neural-networks-cnns-14649dbddce8 ML Wiki https://en.wikipedia.org/wiki/Machine_learning üî• Watch more with Fireship PRO Upgrade to Fireship PRO at https://fireship.io/pro Use code lORhwXd2 for 25% off your first payment. üé® My Editor Settings - Atom One Dark - vscode-icons - Fira Code Font Topics Covered - Convolutional Neural Networks - Machine Learning Basics - How Data Science Works - Big Data and Feature Engineering - Artificial Intelligence History - Supervised Machine Learning","ai,python,100SecondsOfCode",2021-09-09T17:31:56Z,https://i.ytimg.com/vi/PeMlggyqz0Y/maxresdefault.jpg,33036,498,Fireship,786153,PT2M35S,UCsBjURrPoezykLs9EqgamOA,https://www.youtube.com/watch?v=PeMlggyqz0Y,2025-05-18T10:20:40.419831
GXxjd1za6jk,youtube,"Learning Machine Learning has never been easier #shorts #machinelearning #statistics #datascience

Introduction to Statistical Learning: https://statlearning.com Take my courses at https://mlnow.ai/! Best Courses for Analytics: --------------------------------------------------------------------------------------------------------- + IBM Data Science (Python): https://bit.ly/3Rn00ZA + Google Analytics (R): https://bit.ly/3cPikLQ + SQL Basics: https://bit.ly/3Bd9nFu Best Courses for Programming: --------------------------------------------------------------------------------------------------------- + Data Science in R: https://bit.ly/3RhvfFp + Python for Everybody: https://bit.ly/3ARQ1Ei + Data Structures & Algorithms: https://bit.ly/3CYR6wR Best Courses for Machine Learning: --------------------------------------------------------------------------------------------------------- + Math Prerequisites: https://bit.ly/3ASUtTi + Machine Learning: https://bit.ly/3d1QATT + Deep Learning: https://bit.ly/3KPfint + ML Ops: https://bit.ly/3AWRrxE Best Courses for Statistics: --------------------------------------------------------------------------------------------------------- + Introduction to Statistics: https://bit.ly/3QkEgvM + Statistics with Python: https://bit.ly/3BfwejF + Statistics with R: https://bit.ly/3QkicBJ Best Courses for Big Data: --------------------------------------------------------------------------------------------------------- + Google Cloud Data Engineering: https://bit.ly/3RjHJw6 + AWS Data Science: https://bit.ly/3TKnoBS + Big Data Specialization: https://bit.ly/3ANqSut More Courses: --------------------------------------------------------------------------------------------------------- + Tableau: https://bit.ly/3q966AN + Excel: https://bit.ly/3RBxind + Computer Vision: https://bit.ly/3esxVS5 + Natural Language Processing: https://bit.ly/3edXAgW + IBM Dev Ops: https://bit.ly/3RlVKt2 + IBM Full Stack Cloud: https://bit.ly/3x0pOm6 + Object Oriented Programming (Java): https://bit.ly/3Bfjn0K + TensorFlow Advanced Techniques: https://bit.ly/3BePQV2 + TensorFlow Data and Deployment: https://bit.ly/3BbC5Xb + Generative Adversarial Networks / GANs (PyTorch): https://bit.ly/3RHQiRj Become a Member of the Channel! https://bit.ly/3oOMrVH Follow me on LinkedIn! https://www.linkedin.com/in/greghogg/","machinelearning,datascience,statistics,datascience",2022-04-20T18:16:10Z,https://i.ytimg.com/vi/GXxjd1za6jk/maxresdefault.jpg,57077,284,Greg Hogg,1047161,PT28S,UCJublDh2UsiIKsAE1553miw,https://www.youtube.com/watch?v=GXxjd1za6jk,2025-05-18T10:20:41.180390
i_LwzRVP7bg,youtube,"Machine Learning for Everybody - Full Course

Learn Machine Learning in a way that is accessible to absolute beginners. You will learn the basics of Machine Learning and how to use TensorFlow to implement many different concepts. ‚úèÔ∏è Kylie Ying developed this course. Check out her channel: https://www.youtube.com/c/YCubed ‚≠êÔ∏è Code and Resources ‚≠êÔ∏è üîó Supervised learning (classification/MAGIC): https://colab.research.google.com/drive/16w3TDn_tAku17mum98EWTmjaLHAJcsk0?usp=sharing üîó Supervised learning (regression/bikes): https://colab.research.google.com/drive/1m3oQ9b0oYOT-DXEy0JCdgWPLGllHMb4V?usp=sharing üîó Unsupervised learning (seeds): https://colab.research.google.com/drive/1zw_6ZnFPCCh6mWDAd_VBMZB4VkC3ys2q?usp=sharing üîó Dataets (add a note that for the bikes dataset, they may have to open the downloaded csv file and remove special characters) üîó MAGIC dataset: https://archive.ics.uci.edu/ml/datasets/MAGIC+Gamma+Telescope üîó Bikes dataset: https://archive.ics.uci.edu/ml/datasets/Seoul+Bike+Sharing+Demand üîó Seeds/wheat dataset: https://archive.ics.uci.edu/ml/datasets/seeds üèó Google provided a grant to make this course possible. ‚ù§Ô∏è Support for this channel comes from our friends at Scrimba - the coding platform that's reinvented interactive learning: https://scrimba.com/freecodecamp ‚≠êÔ∏è Contents ‚≠êÔ∏è ‚å®Ô∏è (0:00:00) Intro ‚å®Ô∏è (0:00:58) Data/Colab Intro ‚å®Ô∏è (0:08:45) Intro to Machine Learning ‚å®Ô∏è (0:12:26) Features ‚å®Ô∏è (0:17:23) Classification/Regression ‚å®Ô∏è (0:19:57) Training Model ‚å®Ô∏è (0:30:57) Preparing Data ‚å®Ô∏è (0:44:43) K-Nearest Neighbors ‚å®Ô∏è (0:52:42) KNN Implementation ‚å®Ô∏è (1:08:43) Naive Bayes ‚å®Ô∏è (1:17:30) Naive Bayes Implementation ‚å®Ô∏è (1:19:22) Logistic Regression ‚å®Ô∏è (1:27:56) Log Regression Implementation ‚å®Ô∏è (1:29:13) Support Vector Machine ‚å®Ô∏è (1:37:54) SVM Implementation ‚å®Ô∏è (1:39:44) Neural Networks ‚å®Ô∏è (1:47:57) Tensorflow ‚å®Ô∏è (1:49:50) Classification NN using Tensorflow ‚å®Ô∏è (2:10:12) Linear Regression ‚å®Ô∏è (2:34:54) Lin Regression Implementation ‚å®Ô∏è (2:57:44) Lin Regression using a Neuron ‚å®Ô∏è (3:00:15) Regression NN using Tensorflow ‚å®Ô∏è (3:13:13) K-Means Clustering ‚å®Ô∏è (3:23:46) Principal Component Analysis ‚å®Ô∏è (3:33:54) K-Means and PCA Implementations üéâ Thanks to our Champion and Sponsor supporters: üëæ Raymond Odero üëæ Agust√≠n Kussrow üëæ aldo ferretti üëæ Otis Morgan üëæ DeezMaster -- Learn to code for free and get a developer job: https://www.freecodecamp.org Read hundreds of articles on programming: https://freecodecamp.org/news",,2022-09-26T16:00:28Z,https://i.ytimg.com/vi/i_LwzRVP7bg/maxresdefault.jpg,87818,1929,freeCodeCamp.org,8668262,PT3H53M53S,UC8butISFwT-Wl7EV0hUK0BQ,https://www.youtube.com/watch?v=i_LwzRVP7bg,2025-05-18T10:20:42.289761
FbtYxPUrhq8,youtube,"AI vs ML vs Generative AI

Comp Sci vs AI vs ML vs Gen AI ‚ÄºÔ∏è","ai,tech,ml,fyp",2025-03-14T21:00:11Z,https://i.ytimg.com/vi/FbtYxPUrhq8/maxresdefault.jpg,2657,36,Sajjaad Khader,76739,PT47S,UC7zZ2-Q_oxbUaoMVL0z51wg,https://www.youtube.com/watch?v=FbtYxPUrhq8,2025-05-18T10:20:43.016389
5xp0taGM3Kg,youtube,"Andrew Ng's Secret to Mastering Machine Learning - Part 1 #shorts

start your deep learning journey with andrew ng here: https://shorturl.at/tVYLW in this 2 part series Andrew Ng explains how he would learn machine learning Follow me on tiktok: https://www.tiktok.com/@datasensei1 My instagram: https://www.instagram.com/datasensei_21/reels/","lexfridman,lexfridmanpodcast,datascience,machinelearning,deeplearning,study",2023-03-14T21:39:04Z,https://i.ytimg.com/vi/5xp0taGM3Kg/maxresdefault.jpg,30842,134,Data Sensei,658099,PT48S,UCsxJ9QfYa6qRbSA7TYnxk1A,https://www.youtube.com/watch?v=5xp0taGM3Kg,2025-05-18T10:20:44.254726
CxT5DVZmWCU,youtube,"In Simple Terms - AI vs Machine Learning vs Deep Learning

","artificialintelligence,machinelearning,deeplearning",2023-12-20T08:00:51Z,https://i.ytimg.com/vi/CxT5DVZmWCU/maxresdefault.jpg,4029,7,CareerRide,112098,PT39S,UCjDHKp8AGNucJmEBMCk0NGg,https://www.youtube.com/watch?v=CxT5DVZmWCU,2025-05-18T10:20:45.226984
7gEzEAIELgQ,youtube,"Machine Learning Explainedüî•in 30 Seconds. #shorts #machinelearning

In this video, we learn about Machine learning in 30 seconds: What is meant by machine learning? Just like a toddler learns that fire is hot by touching it, machine learning helps computers learn from examples. For beginners, if you show a machine many pictures of dogs, it learns to spot dogs. Show it a picture of a cat, and it'll know it's not a dog but won't identify it as a cat. This introduction to machine learning helps you understand how machine learning programs work. If you want to learn tech in just 30 Seconds, don't forget to follow ""Error Makes Clever.""","machinelearning,ai,errormakesclever",2023-05-17T14:45:24Z,https://i.ytimg.com/vi/7gEzEAIELgQ/maxresdefault.jpg,41976,153,Error Makes Clever,439221,PT49S,UCwr-evhuzGZgDFrq_1pLt_A,https://www.youtube.com/watch?v=7gEzEAIELgQ,2025-05-18T10:20:46.506210
7IgVGSaQPaw,youtube,"The Complete Machine Learning Roadmap

Go from zero to a machine learning engineer in 12 months. This step-by-step roadmap covers the essential skills you must learn to become a machine learning engineer in 2024. ‚ù§Ô∏è Join this channel to get access to perks: https://www.youtube.com/channel/UCWv7vMbMWH4-V0ZXdmDpPBA/join Download the FREE roadmap PDF here: https://mosh.link/machine-learning-roadmap ‚úã Stay connected - Complete courses: https://codewithmosh.com - Twitter: https://twitter.com/moshhamedani - Facebook: https://www.facebook.com/programmingwithmosh/ - Instagram: https://www.instagram.com/codewithmosh.official/ - LinkedIn: https://www.linkedin.com/school/codewithmosh/ üîó Other roadmaps https://youtu.be/Tef1e9FiSR0?si=QpVnZ_o9-DAXzT71 https://youtu.be/OeEHJgzqS1k?si=qd0ZIqAzUpZQn6BX üìö Tutorials https://youtu.be/_uQrJ0TkZlc?si=ZhlCrQs1SkaPNVa8 https://youtu.be/8JJ101D3knE?si=OGTuS35LQqSunuhh https://youtu.be/BBpAmxU_NQo?si=dm-ZCPxVBYWS1Qhn https://youtu.be/7S_tz1z_5bA?si=QL7s_M2Ao90RDwG8 üìñ Chapters 00:00 - Introduction 00:20 - Programming Languages 00:42 - Version Control 01:03 - Data Structures & Algorithms 01:35 - SQL 01:55 - The Complete Roadmap PDF 02:19 - Mathematics & Statistics 02:40 - Data Handling 03:15 - Machine Learning Fundamentals 03:57 - Advanced Topics 04:28 - Model Deployment","machinelearning,ai,datascience,coding,programming",2024-07-18T13:00:06Z,https://i.ytimg.com/vi/7IgVGSaQPaw/maxresdefault.jpg,17726,521,Programming with Mosh,535390,PT5M25S,UCWv7vMbMWH4-V0ZXdmDpPBA,https://www.youtube.com/watch?v=7IgVGSaQPaw,2025-05-18T10:20:48.077272
VhfS-G6PDLE,youtube,"üî•What Is Machine Learning ? | Machine Learning Explained in 60 Seconds #Shorts #simplilearn

In this video on What Is Machine Learning, we'll explore the fascinating world of machine learning and explain it in the simplest way possible. Imagine you have a toy robot that learns from pictures of cats and dogs. Every time you show the robot a picture and tell it what animal it is, the robot starts to remember and gets better at recognizing them on its own. This process is similar to how machine learning works! Machine learning involves teaching computers to learn from data, allowing them to make predictions and decisions without being explicitly programmed for each task. By feeding the computer lots of examples, it can recognize patterns and improve over time. This technology is behind many of the smart applications we use today, from voice assistants to recommendation systems. Join us as we break down the basics of machine learning, discuss its importance, and show you how it shapes the technology we use every day. Whether you're a complete beginner or looking to refresh your understanding, this video will give you a clear and concise overview of machine learning. ‚úÖWhat is meant by machine learning? Machine learning is a method of teaching computers to learn from data and make decisions or predictions without being explicitly programmed for each specific task. It involves using algorithms to identify patterns and improve performance over time. ‚úÖWhat are examples of machine learning? Examples of machine learning include recommendation systems (like those used by Netflix or Amazon), voice assistants (such as Siri or Alexa), image recognition (used in facial recognition software), and autonomous vehicles (self-driving cars). ‚úÖWhat are the basics of machine learning? The basics of machine learning involve data collection, data preprocessing, choosing a model, training the model with data, testing the model, and making predictions. Key concepts include supervised learning, unsupervised learning, and reinforcement learning.","AI,ML,AiEngineers,MLEngineers,ArtificialIntelligence,MachineLearning,2024,Simplilearn,BestCourses,OnlineCourses,Shorts,YTShorts,DM,Simplilearn",2024-06-20T14:47:46Z,https://i.ytimg.com/vi/VhfS-G6PDLE/maxresdefault.jpg,11222,5,Simplilearn,262000,PT45S,UCsvqVGtbbyHaMoevxPAq9Fg,https://www.youtube.com/watch?v=VhfS-G6PDLE,2025-05-18T10:20:48.847231
q6kJ71tEYqM,youtube,"Machine Learning vs Deep Learning

Learn about watsonx ‚Üí https://ibm.biz/BdvxDm Get a unique perspective on what the difference is between Machine Learning and Deep Learning - explained and illustrated in a delicious analogy of ordering pizza by IBMer and Master Inventor, Martin Keen.","AI,Software,ITModernization,DeepLearning,MachineLearning",2022-03-31T11:00:32Z,https://i.ytimg.com/vi/q6kJ71tEYqM/maxresdefault.jpg,25456,260,IBM Technology,811545,PT7M50S,UCKWaEZ-_VweaEx1j62do_vQ,https://www.youtube.com/watch?v=q6kJ71tEYqM,2025-05-18T10:20:49.802006
-8qzzN7CWxA,youtube,"Machine Learning is Probably Not a Good Career for You

This isn't a career most will succeed in.",,2022-12-09T16:09:24Z,https://i.ytimg.com/vi/-8qzzN7CWxA/hqdefault.jpg,2517,223,the data janitor,97256,PT1M38S,UCR68xPzQK7Etq2YfJ6Oe_2A,https://www.youtube.com/watch?v=-8qzzN7CWxA,2025-05-18T10:20:50.510079
uz6vFX91dg8,youtube,"What is Machine Learning?? Dr Tanu Jain Interview #upscinterview #upscaspirants #shortsfeed #fypage

What is Machine Learning?? Dr Tanu Jain Asked very interesting Question.","shortsfeed,motivation,iasinterviwes,civilserviceinterview,fypage,upsc,iasinterveiw,publicserviceinterview,interview,iasintrview,fypage,fypyoutube,fypviral,fyp,fypp,fypviral„Ç∑,drishtiiasinterview,drishtiias,drishti_ias,iasintrview,ias,iasinterview,iasinterview,ips,ipsinterview,ipsofficer,ipsmotivationalvideo,drtanujain,tanujain",2025-02-17T14:31:02Z,https://i.ytimg.com/vi/uz6vFX91dg8/maxresdefault.jpg,39135,129,UPSC Brilliance,1598189,PT20S,UCGYpyF5mo5vsSa9YsokQCpg,https://www.youtube.com/watch?v=uz6vFX91dg8,2025-05-18T10:20:51.038893
FZmR_m0KuC8,youtube,"Day 6 : ü§ñ Machine Learning vs Deep Learning: What's the Difference? üß† #shorts #EMC #tech

Day 6 : Welcome to Day 6 of our 30 Days 30 Terms Series! Today, we're breaking down the differences between Machine Learning and Deep Learning! üöÄ Machine Learning is like teaching a child what to do and how to do it. The machine performs tasks based on the instructions you provide, similar to how a child follows guidance from a teacher. On the other hand, Deep Learning is an advanced concept within machine learning. Imagine the child growing up and making decisions based on past experiences and data they've collected over time. Deep learning models work similarly, utilizing networks that mimic the human brain's structure to make more complex and informed decisions. Want to know more? Leave a comment with the topics you want to see in our next videos!","machinelearning,deeplearning,techeducation,machinelearningcourse,DeepLearningSkil,education,AI,ArtificialIntelligence,DataScience,TechTutorials,30Days30Terms,futuretech",2023-11-20T12:30:12Z,https://i.ytimg.com/vi/FZmR_m0KuC8/maxresdefault.jpg,8325,137,Error Makes Clever,96626,PT45S,UCwr-evhuzGZgDFrq_1pLt_A,https://www.youtube.com/watch?v=FZmR_m0KuC8,2025-05-18T10:20:52.315393
h0e2HAPTGF4,youtube,"11. Introduction to Machine Learning

MIT 6.0002 Introduction to Computational Thinking and Data Science, Fall 2016 View the complete course: http://ocw.mit.edu/6-0002F16 Instructor: Eric Grimson In this lecture, Prof. Grimson introduces machine learning and shows examples of supervised learning using feature vectors. License: Creative Commons BY-NC-SA More information at http://ocw.mit.edu/terms More courses at http://ocw.mit.edu",,2017-05-19T14:22:40Z,https://i.ytimg.com/vi/h0e2HAPTGF4/maxresdefault.jpg,24628,457,MIT OpenCourseWare,1720985,PT51M31S,UCEBb1b_L6zDS3xTUrIALZOw,https://www.youtube.com/watch?v=h0e2HAPTGF4,2025-05-18T10:20:53.228230
RF53NPPhBmE,youtube,"Do you ACTUALLY NEED math for Machine Learning?

Get notified of the free Python course on the home page at https://www.coursesfromnick.com Sign up for the Full Stack course here and use YOUTUBE50 to get 50% off: https://www.coursesfromnick.com/bundl... Hopefully you enjoyed this video. üíº Find AWESOME ML Jobs: https://www.jobsfromnick.com Oh, and don't forget to connect with me! LinkedIn: https://bit.ly/324Epgo Facebook: https://bit.ly/3mB1sZD GitHub: https://bit.ly/3mDJllD Patreon: https://bit.ly/2OCn3UW Join the Discussion on Discord: https://bit.ly/3dQiZsV Happy coding! Nick P.s. Let me know how you go and drop a comment if you need a hand!","machinelearning,python,datascience",2023-03-09T01:42:33Z,https://i.ytimg.com/vi/RF53NPPhBmE/maxresdefault.jpg,9046,92,Nicholas Renotte,162007,PT51S,UCHXa4OpASJEwrHrLeIzw7Yg,https://www.youtube.com/watch?v=RF53NPPhBmE,2025-05-18T10:20:54.468909
yN7ypxC7838,youtube,"All Machine Learning Models Explained in 5 Minutes | Types of ML Models Basics

Get Certified in Artificial Intelligence & Machine Learning. Both tech and Non-Tech can apply! 10% off on AI Certifications. Use Coupon Code - save10 ‚û°Ô∏è https://bit.ly/3vyYMo9 Confused about understanding machine learning models? Well, this video will help you grab the basics of each one of them. From what they are, to why they are used, and what purpose do they serve. All Major Software Architecture Patterns Explained in 7 Minutes | Meaning, Design, Models & Examples https://www.youtube.com/watch?v=ZTVAs9cNo30 7 Basic Machine Learning Concepts for Beginners https://www.youtube.com/watch?v=4hlSztfaqoI What is Deep Learning and How it Works | Deep Learning Explained https://www.youtube.com/watch?v=DfRc3CeXLXw Machine Learning Model Deployment Explained https://www.youtube.com/watch?v=SHyFjJ-tIJE What is Neural Network and How it Works | Neural Network Explained https://www.youtube.com/watch?v=Ulx2CuMCyzI What is Data Science Project Life Cycle Explained Step by Step https://www.youtube.com/watch?v=vN5uZZ1h7VE After watching this video, you'll be able to answer, - How many machine learning models are there - Some common machine learning models explained - What is supervised learning - What is unsupervised learning - What is regression - Types of ml models - Common types of regression - Common types of classification - What is classification - What are popular ML models explained - What are the types of supervised learning - What are the types of unsupervised learning - Understanding the basics of machine learning models - Learn machine learning models from scratch - What are common machine learning models for beginners - Understand machine learning models overview - Whats are few ml models basics to grasp Obviously, there is a ton of complexity if you dive into any particular model, but this should give you a fundamental understanding of how each machine learning model works! Like my content? Be sure to smash that like button and hit Subscribe to get the latest updates! Let's get social! https://twitter.com/brandlitic https://www.instagram.com/brandlitic https://www.facebook.com/brandlitic","WhiteboardProgramming,MachineLearning,MLmodels",2020-05-16T01:59:09Z,https://i.ytimg.com/vi/yN7ypxC7838/maxresdefault.jpg,32437,430,Learn with Whiteboard,1400297,PT5M1S,UCF-uUxo43IPpnEwnR62WGlA,https://www.youtube.com/watch?v=yN7ypxC7838,2025-05-18T10:20:55.698799
4RixMPF4xis,youtube,"AI vs Machine Learning

Learn more about watsonx: https://ibm.biz/BdvxDS What is really the difference between Artificial intelligence (AI) and machine learning (ML)? Are they actually the same thing? In this video, Jeff Crume explains the differences and relationship between AI & ML, as well as how related topics like Deep Learning (DL) and other types and properties of each.","ai,ml,dl,artificialintelligence,machinelearning,deeplearning,watsonx",2023-04-10T11:00:03Z,https://i.ytimg.com/vi/4RixMPF4xis/maxresdefault.jpg,40559,873,IBM Technology,1381915,PT5M49S,UCKWaEZ-_VweaEx1j62do_vQ,https://www.youtube.com/watch?v=4RixMPF4xis,2025-05-18T10:20:56.346631
E0Hmnixke2g,youtube,"All Machine Learning algorithms explained in 17 min

All Machine Learning algorithms intuitively explained in 17 min ######################################### I just started my own Patreon, in case you want to support! Patreon Link: https://www.patreon.com/c/InfiniteCodes ######################################### In this video I will go through all machine learning algorithms in less than 17 minutes to get you an intuitive understanding of how they work and how they relate to each other as well as help you decide how to pick the right one for your problem. Going all the way from Linear Regression to Neural Networks / Deep Learning and Unsupervised Learning. Also Watch: How to Learn Machine Learning in 2024 (7 step roadmap) https://youtu.be/jwTaBztqTZ0 The Math Skills that make Machine Learning easy (and how you can learn it) https://youtu.be/wOTFGRSUQ6Q ######### Chapters: 00:00 - Intro: What is Machine Learning? 00:59 - Supervised Learning 01:37 - Unsupervised Learning 02:20 - Linear Regression 04:04 - Logistic Regression 04:53 - K Nearest Neighbors (KNN) 06:10 - Support Vector Machine (SVM) 07:51 - Naive Bayes Classifier 08:37 - Decision Trees 09:11 - Ensemble Algorithms 09:24 - Bagging & Random Forests 09:53 - Boosting & Strong Learners 10:26 - Neural Networks / Deep Learning 12:42 - Unsupervised Learning (again) 12:57 - Clustering / K-means 14:35 - Dimensionality Reduction 15:15 - Principal Component Analysis (PCA)",,2024-09-17T08:57:32Z,https://i.ytimg.com/vi/E0Hmnixke2g/maxresdefault.jpg,37336,292,Infinite Codes,889435,PT16M30S,UCktMIWomeuj4pwvBb-OBwMw,https://www.youtube.com/watch?v=E0Hmnixke2g,2025-05-18T10:20:57.683672
s8U0KSjNfRg,youtube,"Machine Learning Roadmap in 50 Seconds

Machine Learning Roadmap in 50 Seconds Want to master Machine Learning? Here's a quick roadmap to guide you: 1Ô∏è‚É£ Learn the Basics - Start with Python, libraries like NumPy, Pandas, and basic statistics. 2Ô∏è‚É£ Understand Math - Focus on linear algebra, calculus, and probability. 3Ô∏è‚É£ Master ML Concepts - Supervised, unsupervised, and reinforcement learning. 4Ô∏è‚É£ Work with Libraries - Dive into Scikit-Learn, TensorFlow, and PyTorch. 5Ô∏è‚É£ Projects - Build real-world projects like recommendation systems or predictive models. 6Ô∏è‚É£ Explore Advanced Topics - Deep Learning, NLP, and Computer Vision. Start small, build consistently, and practice regularly--projects are key! Special Offer Use Code: GFGYT30 and get 30% Off on all GeeksforGeeks Courses. Click here to grab your discount now: https://gfgcdn.com/tu/TO9/ Follow Us for More Career Tips, Knowledge, and Resources: üì± Download GeeksforGeeks' Official App: Google Play Store üí¨ Twitter: https://twitter.com/geeksforgeeks üßë‚Äçüíº LinkedIn: https://www.linkedin.com/company/geeksforgeeks üì∑ Instagram: https://www.instagram.com/geeks_for_geeks/ üíå Telegram: https://t.me/geeksforgeeks_official üìå Pinterest: https://in.pinterest.com/geeksforgeeks/ üéÆ Discord: https://discord.gg/geeksforgeeks Tags: GfG, GeeksforGeeks, GfGCourses, gfg, GeeksforGeeksJobs, GeeksforGeeksDSA, GFGLearning, GfGTech, Machine Learning Roadmap, ML Projects, Learn ML, Python Programming, TensorFlow, AI Skills, Data Science, Deep Learning, Tech Learning, Coding Skills. Hashtags:","GfG,GeeksforGeeks,GfGCourses,gfg,GeeksforGeeksJobs,GeeksforGeeksDSA,GFGLearning,GfGTech,MachineLearning,LearnML,MLProjects,PythonProgramming,TechEducation,AI,DeepLearning,CodingSkills",2024-12-26T07:18:41Z,https://i.ytimg.com/vi/s8U0KSjNfRg/maxresdefault.jpg,12434,116,GeeksforGeeks,107973,PT59S,UC0RhatS1pyxInC00YKjjBqQ,https://www.youtube.com/watch?v=s8U0KSjNfRg,2025-05-18T10:20:58.510981
5q87K1WaoFI,youtube,"Computer Scientist Explains Machine Learning in 5 Levels of Difficulty | WIRED

WIRED has challenged computer scientist and Hidden Door cofounder and CEO Hilary Mason to explain machine learning to 5 different people; a child, teen, a college student, a grad student and an expert. Still haven't subscribed to WIRED on YouTube? ‚ñ∫‚ñ∫ http://wrd.cm/15fP7B7 Listen to the Get WIRED podcast ‚ñ∫‚ñ∫ https://link.chtbl.com/wired-ytc-desc Want more WIRED? Get the magazine ‚ñ∫‚ñ∫ https://subscribe.wired.com/subscribe/splits/wired/WIR_YouTube?source=EDT_WIR_YouTube_0_Video_Description_ZZ Get more incredible stories on science and tech with our daily newsletter: https://wrd.cm/DailyYT Also, check out the free WIRED channel on Roku, Apple TV, Amazon Fire TV, and Android TV. Here you can find your favorite WIRED shows and new episodes of our latest hit series Tradecraft. ABOUT WIRED WIRED is where tomorrow is realized. Through thought-provoking stories and videos, WIRED explores the future of business, innovation, and culture. Computer Scientist Explains Machine Learning in 5 Levels of Difficulty | WIRED",,2021-08-18T16:00:08Z,https://i.ytimg.com/vi/5q87K1WaoFI/maxresdefault.jpg,69926,2210,WIRED,2464256,PT26M9S,UCftwRNsjfRo08xYE31tkiyw,https://www.youtube.com/watch?v=5q87K1WaoFI,2025-05-18T10:20:59.696877
DHPcFaCy4cl,instagram,‚†Ä‚†Ä‚†Ä‚†Ä‚†Ä‚†Ä‚†Ä‚†Ä‚†Ä‚†Ä‚†Ä‚†Ä‚†Ä‚†Ä‚†Ä‚†Ä ÏÑ∏ÏÉÅÏï†ÏÑú Ï†úÏùº Í∑ÄÏó¨Ïö¥ Ïú°ÏßÄ Î¨ºÎ≤î..ü¶≠ü¶≠ ÏûîÎîîÏóêÏÑúÎßå Í±∏Ïñ¥ Îã§ÎÖÄÏöîüíö ‚†Ä‚†Ä‚†Ä‚†Ä‚†Ä‚†Ä‚†Ä‚†Ä‚†Ä‚†Ä‚†Ä‚†Ä‚†Ä‚†Ä‚†Ä‚†Ä,"ÏäàÏï§Ìä∏Î¶¨,Ìè¨Î©îÎùºÎãàÏïà,Ìè¨Î©îÎØ∏Ïö©,Î¨ºÍ∞úÏª∑",2025-03-16T01:08:28.000Z,https://instagram.fmaa5-1.fna.fbcdn.net/v/t51.2885-15/484884972_18497084146038233_7542164402174669147_n.jpg?stp=dst-jpg_e35_tt6&efg=eyJ2ZW5jb2RlX3RhZyI6IkNBUk9VU0VMX0lURU0uaW1hZ2VfdXJsZ2VuLjEyMDZ4MTUwNy5zZHIuZjc1NzYxLmRlZmF1bHRfaW1hZ2UifQ&_nc_ht=instagram.fmaa5-1.fna.fbcdn.net&_nc_cat=105&_nc_oc=Q6cZ2QG5h8e7WjT_rNX8sTF5k48dGN3-eccLWjrubxF33KwVzQ-8s8cJnJNEH90wAqjr9PIxFYiAYFE5ZK6VAFwwO9la&_nc_ohc=iYYrAPqhT0wQ7kNvwG2T2oV&_nc_gid=Z09bNrHlCNFffmhWbmVrNw&edm=AFlAz-oBAAAA&ccb=7-5&ig_cache_key=MzU4OTIxMDkzNDg5Mzg1ODAzMw%3D%3D.3-ccb7-5&oh=00_AfKsGLaZXtPxT0shqDn3j3HQVDe5QdpFSxkyYD2wsIVOmg&oe=682F4AF5&_nc_sid=76c0fc,67089,,shuandtree,,,,,2025-05-18T10:22:30.606069
DI6MNJ5yszM,instagram,"Sorry, we're having trouble playing this video.",,2025-04-26T12:08:27.000Z,https://instagram.fmaa5-1.fna.fbcdn.net/v/t51.2885-15/491461377_17930236380041005_2767487703054812010_n.jpg?stp=dst-jpg_e15_tt6&efg=eyJ2ZW5jb2RlX3RhZyI6IkNBUk9VU0VMX0lURU0uaW1hZ2VfdXJsZ2VuLjU3Nng3MjAuc2RyLmY3NTc2MS5kZWZhdWx0X2NvdmVyX2ZyYW1lIn0&_nc_ht=instagram.fmaa5-1.fna.fbcdn.net&_nc_cat=101&_nc_oc=Q6cZ2QG5h8e7WjT_rNX8sTF5k48dGN3-eccLWjrubxF33KwVzQ-8s8cJnJNEH90wAqjr9PIxFYiAYFE5ZK6VAFwwO9la&_nc_ohc=63LXNDaDp4EQ7kNvwG3Yc1Y&_nc_gid=Z09bNrHlCNFffmhWbmVrNw&edm=AFlAz-oBAAAA&ccb=7-5&ig_cache_key=MzYxOTI1NTEyMDM4MDI5NzMyNQ%3D%3D.3-ccb7-5&oh=00_AfI6sEUj2MZ76nU5-yg8zi1od0pfMKAL1RXJqjQU3CQD-Q&oe=682F50EC&_nc_sid=76c0fc,5731,,itspuppyland,,,,,2025-05-18T10:22:35.396877
DJW5IGavZNd,instagram,Give me a Hi fi plss ‚ô•Ô∏èüëáüèª ‚ú®,"explore,explorepage,explorepage,exploremore,puppies,puppy,puppylove,dogs,dog,dogslife,dogoftheday,puppyoftheday,dogsofinstagram,cutepuppy,cuteness,cuteanimals,animals,animallovers,foryoupage,love,picture,pictureoftheday,photooftheday,viralpost,lovestory",2025-05-07T15:39:43.000Z,https://instagram.fmaa5-1.fna.fbcdn.net/v/t51.2885-15/495854702_18031610630646837_389791526341822740_n.jpg?stp=dst-jpg_e35_tt6&efg=eyJ2ZW5jb2RlX3RhZyI6IkZFRUQuaW1hZ2VfdXJsZ2VuLjE0NDB4MTgwMC5zZHIuZjc1NzYxLmRlZmF1bHRfaW1hZ2UifQ&_nc_ht=instagram.fmaa5-1.fna.fbcdn.net&_nc_cat=109&_nc_oc=Q6cZ2QG5h8e7WjT_rNX8sTF5k48dGN3-eccLWjrubxF33KwVzQ-8s8cJnJNEH90wAqjr9PIxFYiAYFE5ZK6VAFwwO9la&_nc_ohc=Xrf68kv4CLQQ7kNvwFIbN7E&_nc_gid=Z09bNrHlCNFffmhWbmVrNw&edm=AFlAz-oBAAAA&ccb=7-5&ig_cache_key=MzYyNzMzNzc5NTE5MTU0MjYyMQ%3D%3D.3-ccb7-5&oh=00_AfKZLW0u-FY8o05WG_6Bu2pY5eN3s4fI6yoY7qim8Q9Eew&oe=682F432F&_nc_sid=76c0fc,175583,,animals_cute.wild,,,,,2025-05-18T10:22:39.883426
DIZadJxzAUQ,instagram,"Sorry, we're having trouble playing this video.",,2025-04-13T18:38:02.000Z,https://instagram.fmaa5-1.fna.fbcdn.net/v/t51.2885-15/490029184_17933362641001601_7395371144462133290_n.jpg?stp=dst-jpg_e15_tt6&efg=eyJ2ZW5jb2RlX3RhZyI6IkNBUk9VU0VMX0lURU0uaW1hZ2VfdXJsZ2VuLjcyMHg5NjAuc2RyLmY3NTc2MS5kZWZhdWx0X2NvdmVyX2ZyYW1lIn0&_nc_ht=instagram.fmaa5-1.fna.fbcdn.net&_nc_cat=105&_nc_oc=Q6cZ2QG5h8e7WjT_rNX8sTF5k48dGN3-eccLWjrubxF33KwVzQ-8s8cJnJNEH90wAqjr9PIxFYiAYFE5ZK6VAFwwO9la&_nc_ohc=IRx69m8D3csQ7kNvwFADVDG&_nc_gid=Z09bNrHlCNFffmhWbmVrNw&edm=AFlAz-oBAAAA&ccb=7-5&ig_cache_key=MzYxMDAyOTYxMTU2MjI1NzQ2OQ%3D%3D.3-ccb7-5&oh=00_AfJPSvZ9plrShU-V0hCYtacmfr_91hI1yKmXlmH-QiNRbA&oe=682F3F26&_nc_sid=76c0fc,23523,,puppy.acts,,,,,2025-05-18T10:22:45.964370
DGdJnNoMM6y,instagram,Ye Apke liye! üôàüê∂üå∫‚ù§ .,"puppylove,love,heart,animallovers,animal,trending,newpost,frindship,dog,puppy,cutepuppy,explpre,instagram,newlove",2025-02-24T12:25:02.000Z,https://instagram.fmaa5-1.fna.fbcdn.net/v/t51.29350-15/481374256_1000993661917731_3403757335721086219_n.heic?stp=dst-jpg_e35_tt6&efg=eyJ2ZW5jb2RlX3RhZyI6IkZFRUQuaW1hZ2VfdXJsZ2VuLjE0NDB4MTgwMC5zZHIuZjI5MzUwLmRlZmF1bHRfaW1hZ2UifQ&_nc_ht=instagram.fmaa5-1.fna.fbcdn.net&_nc_cat=103&_nc_oc=Q6cZ2QG5h8e7WjT_rNX8sTF5k48dGN3-eccLWjrubxF33KwVzQ-8s8cJnJNEH90wAqjr9PIxFYiAYFE5ZK6VAFwwO9la&_nc_ohc=CJ_tTKlQv4kQ7kNvwEflDAK&_nc_gid=Z09bNrHlCNFffmhWbmVrNw&edm=AFlAz-oBAAAA&ccb=7-5&ig_cache_key=MzU3NTA1NTk1NjMxMzE2NTQ5MA%3D%3D.3-ccb7-5&oh=00_AfLMb4qLwFej6KE93AkbG-11xCv7Rv-OzGp5dNcQM9ZtmA&oe=682F386A&_nc_sid=76c0fc,179034,,_puppy_gallery_,,,,,2025-05-18T10:22:52.009251
DGBJMuZBHo_,instagram,ü•∫ü•∫üêï.... . . . .,"edit,explore,tranding,music,instagram,puppy,puppies,instagood,feelings,sad",2025-02-13T15:22:41.000Z,https://instagram.fmaa5-1.fna.fbcdn.net/v/t51.2885-15/478009774_18005272604706020_157938205810846767_n.webp?efg=eyJ2ZW5jb2RlX3RhZyI6IkZFRUQuaW1hZ2VfdXJsZ2VuLjE0NDB4MTQ0MC5zZHIuZjc1NzYxLmRlZmF1bHRfaW1hZ2UifQ&_nc_ht=instagram.fmaa5-1.fna.fbcdn.net&_nc_cat=108&_nc_oc=Q6cZ2QG5h8e7WjT_rNX8sTF5k48dGN3-eccLWjrubxF33KwVzQ-8s8cJnJNEH90wAqjr9PIxFYiAYFE5ZK6VAFwwO9la&_nc_ohc=_2u-9WbuNiIQ7kNvwGxFRER&_nc_gid=Z09bNrHlCNFffmhWbmVrNw&edm=AFlAz-oBAAAA&ccb=7-5&ig_cache_key=MzU2NzE3MjgzNjcxODMxMTk5OQ%3D%3D.3-ccb7-5&oh=00_AfLMbb36hz0XBJrBn4bsMB160E68p3VzH2OO9mbLiXK4Xg&oe=682F2E17&_nc_sid=76c0fc,52327,,puppy_love_reels,,,,,2025-05-18T10:22:58.035430
DIzE5AKz5ky,instagram,"Sorry, we're having trouble playing this video.",,2025-04-23T17:49:51.000Z,https://instagram.fmaa5-1.fna.fbcdn.net/v/t51.2885-15/491464283_18046911998599854_7517500747965555314_n.jpg?stp=dst-jpg_e15_tt6&efg=eyJ2ZW5jb2RlX3RhZyI6IkNBUk9VU0VMX0lURU0uaW1hZ2VfdXJsZ2VuLjcyMHg5MDAuc2RyLmY3NTc2MS5kZWZhdWx0X2NvdmVyX2ZyYW1lIn0&_nc_ht=instagram.fmaa5-1.fna.fbcdn.net&_nc_cat=106&_nc_oc=Q6cZ2QG5h8e7WjT_rNX8sTF5k48dGN3-eccLWjrubxF33KwVzQ-8s8cJnJNEH90wAqjr9PIxFYiAYFE5ZK6VAFwwO9la&_nc_ohc=E-8xWw2KL1MQ7kNvwEETq7J&_nc_gid=Z09bNrHlCNFffmhWbmVrNw&edm=AFlAz-oBAAAA&ccb=7-5&ig_cache_key=MzYxNzI1NjI1NjIzMjczNDk3Ng%3D%3D.3-ccb7-5&oh=00_AfLEKa472DetsGuiWeCLPQaIZ94PHULjHA9iueBewmIOCg&oe=682F4043&_nc_sid=76c0fc,22744,,poodleaddicts,,,,,2025-05-18T10:23:04.020950
DG4o8Z6TJsQ,instagram,"üíïüíïYou love Coton de Tulear? They're super cute and incredibly affectionate, right? But are they a bit too big for you?‚úÖü§≠ Here's a de Tulear just for you! Meet Mini Coton ""BUBBLE""!ü•πü•πüì©üì©üì© ü´∂ü•∞‰Ω†ÂñúÊ¨¢ÊüØÊ£âËä±Èù¢Á∫±Áä¨ÂêóÔºüÂÆÉ‰ª¨Ë∂ÖÁ∫ßÂèØÁà±ÔºåÂèàÁâπÂà´Êúâ‰∫≤ÂíåÂäõÔºåÂØπÂêßÔºü‚úÖü§≠‰ΩÜÊòØÂØπ‰Ω†Êù•ËØ¥ÊòØ‰∏çÊòØÊúâÁÇπÂ§™Â§ß‰∫ÜÔºü ËøôÈáåÊúâËø∑‰Ω†Ê£âËä±Èù¢Á∫±Áä¨‚ù§Ô∏è Êù•ËÆ§ËØÜ‰∏Ä‰∏ãËø∑‰Ω†Ê£âËä±Èù¢Á∫±""BUBBLE""ÔºÅüòçüòòüì©üì© ‡∏Ñ‡∏∏‡∏ì‡∏ä‡∏≠‡∏ö‡∏™‡∏∏‡∏ô‡∏±‡∏Ç‡∏Ñ‡∏≠‡∏ï‡∏≠‡∏á‡πÄ‡∏î‡∏≠‡∏ï‡∏π‡πÄ‡∏•‡∏µ‡∏¢‡∏£‡πå‡πÉ‡∏ä‡πà‡πÑ‡∏´‡∏°? üíïüíïü•∞‡∏û‡∏ß‡∏Å‡∏°‡∏±‡∏ô‡∏ô‡πà‡∏≤‡∏£‡∏±‡∏Å‡∏°‡∏≤‡∏Å‡πÅ‡∏•‡∏∞‡∏ú‡∏π‡∏Å‡∏û‡∏±‡∏ô‡∏Å‡∏±‡∏ö‡πÄ‡∏à‡πâ‡∏≤‡∏Ç‡∏≠‡∏á‡∏™‡∏∏‡∏î‡πÜ ‡πÄ‡∏•‡∏¢‡πÉ‡∏ä‡πà‡πÑ‡∏´‡∏°? ü•π‚úÖ‡πÅ‡∏ï‡πà‡∏Ç‡∏ô‡∏≤‡∏î‡∏ï‡∏±‡∏ß‡∏≠‡∏≤‡∏à‡∏à‡∏∞‡πÉ‡∏´‡∏ç‡πà‡πÄ‡∏Å‡∏¥‡∏ô‡πÑ‡∏õ‡∏™‡∏≥‡∏´‡∏£‡∏±‡∏ö‡∏Ñ‡∏∏‡∏ì‡∏´‡∏£‡∏∑‡∏≠‡πÄ‡∏õ‡∏•‡πà‡∏≤? ‡∏ô‡∏µ‡πà‡πÄ‡∏•‡∏¢! ‡∏°‡∏¥‡∏ô‡∏¥‡∏Ñ‡∏≠‡∏ï‡∏≠‡∏á‡πÄ‡∏î‡∏≠‡∏ï‡∏π‡πÄ‡∏•‡∏µ‡∏¢‡∏£‡πå ‡∏™‡∏≥‡∏´‡∏£‡∏±‡∏ö‡∏Ñ‡∏∏‡∏ì! ‡∏Ç‡∏≠‡πÅ‡∏ô‡∏∞‡∏ô‡∏≥ Mini Coton ""BUBBLE""!‚ù§Ô∏èüì©","minicoton,minicoton,coton,cotondetul√©ar,minipuppy,puppy,modeldog,ÎØ∏ÎãàÍº¨Îò•,Íº¨Îò•ÎìúÌà¥Î†àÏïÑ,Ïó∞ÏòàÏù∏Í∞ïÏïÑÏßÄ,petmodel",2025-03-07T04:38:18.000Z,https://instagram.fmaa5-1.fna.fbcdn.net/v/t51.2885-15/483165072_18041779088605681_5140087092921856365_n.jpg?stp=dst-jpg_e35_tt6&efg=eyJ2ZW5jb2RlX3RhZyI6IkNBUk9VU0VMX0lURU0uaW1hZ2VfdXJsZ2VuLjE0MTh4MTM0MS5zZHIuZjc1NzYxLmRlZmF1bHRfaW1hZ2UifQ&_nc_ht=instagram.fmaa5-1.fna.fbcdn.net&_nc_cat=101&_nc_oc=Q6cZ2QG5h8e7WjT_rNX8sTF5k48dGN3-eccLWjrubxF33KwVzQ-8s8cJnJNEH90wAqjr9PIxFYiAYFE5ZK6VAFwwO9la&_nc_ohc=J0Al0zIJo3AQ7kNvwESCbHb&_nc_gid=Z09bNrHlCNFffmhWbmVrNw&edm=AFlAz-oBAAAA&ccb=7-5&ig_cache_key=MzU4Mjc5MzU2NzU4MjUzOTc1Mg%3D%3D.3-ccb7-5&oh=00_AfJET4Po_cp8sFzi6uMscYjBzBFKd5Y9RaIzUFAV9cRzAg&oe=682F3579&_nc_sid=76c0fc,845,,,,,,,2025-05-18T10:23:10.034652
DG7LKbkP6Va,instagram,üê∂ LINK IN BIO - Get All these Dog Products ‚ù§Ô∏è Sale Ends Soon ‚è≥ ‚ú®Press link in @frenchiecutepuppy Bio to Shop ‚ú® ‚≠êÔ∏è SAVE 10%-50% Off Limited Time Only! @frenchiecutepuppy üåç Worldwide Shipping . . .,"frenchiepuppy,frenchie,frenchbulldog,frenchiesofinstagram,frenchielove,frenchies,frenchielife,frenchieoftheday,puppy,frenchiesociety,puppylove,dogsofinstagram,frenchbulldogsofinstagram,frenchiegram,dog,frenchbulldogs,bulldog,frenchbulldogpuppy,puppiesofinstagram,dogs,bulldogfrances,puppies,frenchieworld,instafrenchie,ilovemyfrenchie,frenchielovers,bulldogsofinstagram,frenchiephotos,dogstagram,loveq",2025-03-08T04:15:48.000Z,https://instagram.fmaa5-1.fna.fbcdn.net/v/t51.2885-15/483165086_17929733070010005_96094896684308221_n.jpg?stp=dst-jpg_e15_tt6&efg=eyJ2ZW5jb2RlX3RhZyI6IkNBUk9VU0VMX0lURU0uaW1hZ2VfdXJsZ2VuLjcyMHg5MDAuc2RyLmY3NTc2MS5kZWZhdWx0X2NvdmVyX2ZyYW1lIn0&_nc_ht=instagram.fmaa5-1.fna.fbcdn.net&_nc_cat=109&_nc_oc=Q6cZ2QG5h8e7WjT_rNX8sTF5k48dGN3-eccLWjrubxF33KwVzQ-8s8cJnJNEH90wAqjr9PIxFYiAYFE5ZK6VAFwwO9la&_nc_ohc=A7kFqnqiFJQQ7kNvwEXf5VV&_nc_gid=Z09bNrHlCNFffmhWbmVrNw&edm=AFlAz-oBAAAA&ccb=7-5&ig_cache_key=MzU4MzUwNTE5MzY5MTQ1MDY4OA%3D%3D.3-ccb7-5&oh=00_AfKkwLBugNGlMJG9PT63Eknjxda5J2uV-g1qD754HHRoFw&oe=682F2A53&_nc_sid=76c0fc,12932,,frenchiecutepuppy,,,,,2025-05-18T10:23:16.067870
DGmS5JrTiRx,instagram,ÎåïÎ™®Îãù üëßüèªü©µ,,2025-02-28T01:49:15.000Z,https://instagram.fmaa5-1.fna.fbcdn.net/v/t51.2885-15/482142791_18484788529023513_326992435944690540_n.jpg?stp=dst-jpg_e35_tt6&efg=eyJ2ZW5jb2RlX3RhZyI6IkNBUk9VU0VMX0lURU0uaW1hZ2VfdXJsZ2VuLjExNzl4MTQwMC5zZHIuZjc1NzYxLmRlZmF1bHRfaW1hZ2UifQ&_nc_ht=instagram.fmaa5-1.fna.fbcdn.net&_nc_cat=109&_nc_oc=Q6cZ2QG5h8e7WjT_rNX8sTF5k48dGN3-eccLWjrubxF33KwVzQ-8s8cJnJNEH90wAqjr9PIxFYiAYFE5ZK6VAFwwO9la&_nc_ohc=nZNhbycOlMgQ7kNvwE61Z-Q&_nc_gid=Z09bNrHlCNFffmhWbmVrNw&edm=AFlAz-oBAAAA&ccb=7-5&ig_cache_key=MzU3NzYzMDAzNzk1MDQ3MDk3NQ%3D%3D.3-ccb7-5&oh=00_AfLnNQ0FYGug3y0KRf7Lv9IVwMd9mB8lDzhLG-Ejc-dRxw&oe=682F48C8&_nc_sid=76c0fc,66911,,,,,,,2025-05-18T10:23:22.053910
DGwQ0lqymLB,instagram,"Happy Monday folks. Back on that grind. üêæ golden . . . . . Golden retriever, golden retriever puppy, puppy, dog influencer, puppy influencer, cute puppy, national puppy day, south boston","goldenretriever,goldenretrievers,goldenpuppy,goldenretrieversofinstagram,goldenretrieverpuppy,goldenretrieverpuppies,goldivagolden,goldiva_goldens,goldivagoldens,puppy,instadog,instadogs,dogsofinstagram,goldensofinstagram,goldensofpetsagram,dogsofnewengland,instagram,cutepuppy,boston,bostongoldens,puppies,puppiesofinstagram,cutie,instagram,puppylove,puppygram,southiedogs,goldenfloofgang,teddytuesday",2025-03-03T22:33:36.000Z,https://instagram.fmaa5-1.fna.fbcdn.net/v/t51.2885-15/482730773_17910682251094889_8563415573478270342_n.jpg?se=-1&stp=dst-jpegr_e35_tt6&efg=eyJ2ZW5jb2RlX3RhZyI6IkZFRUQuaW1hZ2VfdXJsZ2VuLjExMjV4MTQwNi5oZHIuZjc1NzYxLmRlZmF1bHRfaW1hZ2UifQ&_nc_ht=instagram.fmaa5-1.fna.fbcdn.net&_nc_cat=105&_nc_oc=Q6cZ2QG5h8e7WjT_rNX8sTF5k48dGN3-eccLWjrubxF33KwVzQ-8s8cJnJNEH90wAqjr9PIxFYiAYFE5ZK6VAFwwO9la&_nc_ohc=e9WlPXK8sJsQ7kNvwG3Mktx&_nc_gid=Z09bNrHlCNFffmhWbmVrNw&edm=AFlAz-oBAAAA&ccb=7-5&ig_cache_key=MzU4MDQzNTY4NjM2Mjg2NjM2OQ%3D%3D.3-ccb7-5&oh=00_AfIQsLN9UZBlpsdPinJTak97aC_Htbd_eGoUH93ON-XhUQ&oe=682F2FF6&_nc_sid=76c0fc,62466,,teddythegolden.boy,,,,,2025-05-18T10:23:28.091414
DGwEzjtS1qQ,instagram,"Sinatra looks so grown sitting on the grooming table for his first paw, ear trim and stacking practice this weekend.‚ò∫Ô∏è‚ù§Ô∏è He's just a few ounces shy of 11lbs at 6 weeks old. These puppies just absolutely thrive on our homemade food!ü§©","goldenretriever,goldenretrievers,goldenretrieverpuppy,puppy,goldenretrieverlove",2025-03-03T20:48:36.000Z,https://instagram.fmaa5-1.fna.fbcdn.net/v/t51.2885-15/482757312_18461508610070786_4938520518148223056_n.jpg?se=-1&stp=dst-jpegr_e35_tt6&efg=eyJ2ZW5jb2RlX3RhZyI6IkNBUk9VU0VMX0lURU0uaW1hZ2VfdXJsZ2VuLjE0NDB4MTgwMC5oZHIuZjc1NzYxLmRlZmF1bHRfaW1hZ2UifQ&_nc_ht=instagram.fmaa5-1.fna.fbcdn.net&_nc_cat=102&_nc_oc=Q6cZ2QG5h8e7WjT_rNX8sTF5k48dGN3-eccLWjrubxF33KwVzQ-8s8cJnJNEH90wAqjr9PIxFYiAYFE5ZK6VAFwwO9la&_nc_ohc=Xe_xYKX-M7sQ7kNvwGC43jt&_nc_gid=Z09bNrHlCNFffmhWbmVrNw&edm=AFlAz-oBAAAA&ccb=7-5&ig_cache_key=MzU4MDM4MjgyNTk2MDYxNDQxMw%3D%3D.3-ccb7-5&oh=00_AfLIgSNWZQ-VrY8sC64nPKYbXBkPAY_EoUkW3TFSJUGqTA&oe=682F3FF2&_nc_sid=76c0fc,33278,,,,,,,2025-05-18T10:23:34.104721
DJTfe9lB_XQ,instagram,,"instagram,tranding,puppy,petlovers,music,reeitfeelit,puppies,goldenretrieverpuppy",2025-05-06T07:57:55.000Z,https://instagram.fmaa5-1.fna.fbcdn.net/v/t51.2885-15/495700178_18014397896706020_8309307143267165315_n.webp?efg=eyJ2ZW5jb2RlX3RhZyI6IkZFRUQuaW1hZ2VfdXJsZ2VuLjE0NDB4MTQ0MC5zZHIuZjc1NzYxLmRlZmF1bHRfaW1hZ2UifQ&_nc_ht=instagram.fmaa5-1.fna.fbcdn.net&_nc_cat=108&_nc_oc=Q6cZ2QG5h8e7WjT_rNX8sTF5k48dGN3-eccLWjrubxF33KwVzQ-8s8cJnJNEH90wAqjr9PIxFYiAYFE5ZK6VAFwwO9la&_nc_ohc=BvhaVcF9lIEQ7kNvwE8wzQK&_nc_gid=Z09bNrHlCNFffmhWbmVrNw&edm=AFlAz-oBAAAA&ccb=7-5&ig_cache_key=MzYyNjM4MDU5MjEwOTA1NzQ4OA%3D%3D.3-ccb7-5&oh=00_AfJVW3FpcpIwuVAKi3hTm1joo5LPSTQEMHC12L8pJ8wASA&oe=682F49A3&_nc_sid=76c0fc,1421,,puppy_love_reels,,,,,2025-05-18T10:23:40.097729
DI9jZUUsEvm,instagram,Rate the cuteness in the comments üòçüê∂ Tag your friends to make 'em join our Family ‚ô•Ô∏è Turn on post notification. All credit to their respective owners Credit - unknown/dm ___________________ __________________________________________________ Follow üê∂ @dogg0love Follow üê∂ @dogg0love Follow üê∂ @dogg0love ____________________________,"goldenretriever,dogsofinstagram,dog,goldenretrieversofinstagram,golden,goldenretrieverpuppy,dogs,puppy,goldenretrievers,goldensofinstagram,goldens,retreiver,dogstagram,puppiesofinstagram,instadog,puppylover,retrievers,love,doglovers,puppies,doglife,labrador,gloriousgoldens,cute,pets",2025-04-27T19:28:49.000Z,https://instagram.fmaa5-1.fna.fbcdn.net/v/t51.2885-15/491464988_18506328226051742_742686465311425896_n.jpg?stp=dst-jpg_e35_tt6&efg=eyJ2ZW5jb2RlX3RhZyI6IkZFRUQuaW1hZ2VfdXJsZ2VuLjEzMjB4MTE5Mi5zZHIuZjc1NzYxLmRlZmF1bHRfaW1hZ2UifQ&_nc_ht=instagram.fmaa5-1.fna.fbcdn.net&_nc_cat=102&_nc_oc=Q6cZ2QG5h8e7WjT_rNX8sTF5k48dGN3-eccLWjrubxF33KwVzQ-8s8cJnJNEH90wAqjr9PIxFYiAYFE5ZK6VAFwwO9la&_nc_ohc=JBBh2E2kJMwQ7kNvwH79r_-&_nc_gid=Z09bNrHlCNFffmhWbmVrNw&edm=AFlAz-oBAAAA&ccb=7-5&ig_cache_key=MzYyMDIwNTM0NjkxMjQ4ODQyMg%3D%3D.3-ccb7-5&oh=00_AfJG0dFg9ayUlx-qLkwEzC4IoYbMquAcKDZZ_Doqszd7Qg&oe=682F4E73&_nc_sid=76c0fc,6779,,,,,,,2025-05-18T10:23:46.125536
DIjYoxWAc6B,instagram,BIG KISS ‚ô• follow @smol.posts ‚ô• ‚ô• share with a friend ‚ô•,"cute,animals,smol,baby,aww,adorable,videos,pic,vid,fyp,explore,dog,puppy,dogsofinstagram",2025-04-17T15:34:33.000Z,https://instagram.fmaa5-1.fna.fbcdn.net/v/t51.2885-15/491432748_18116630140457408_4299562945855683053_n.jpg?stp=dst-jpg_e35_tt6&efg=eyJ2ZW5jb2RlX3RhZyI6IkZFRUQuaW1hZ2VfdXJsZ2VuLjYyNXg3ODEuc2RyLmY3NTc2MS5kZWZhdWx0X2ltYWdlIn0&_nc_ht=instagram.fmaa5-1.fna.fbcdn.net&_nc_cat=108&_nc_oc=Q6cZ2QG5h8e7WjT_rNX8sTF5k48dGN3-eccLWjrubxF33KwVzQ-8s8cJnJNEH90wAqjr9PIxFYiAYFE5ZK6VAFwwO9la&_nc_ohc=vWStr944dTQQ7kNvwG-l56g&_nc_gid=Z09bNrHlCNFffmhWbmVrNw&edm=AFlAz-oBAAAA&ccb=7-5&ig_cache_key=MzYxMjgzOTY4MDk1OTE3MjIyNQ%3D%3D.3-ccb7-5&oh=00_AfL1zQMkZHn91Vh2H9bGuAKGM-CAbbnUAff8V1g9ZwxaCg&oe=682F1E96&_nc_sid=76c0fc,189659,,,,,,,2025-05-18T10:23:52.154576
DIMFne4oyf4,instagram,"Sorry, we're having trouble playing this video.",,2025-04-08T14:25:49.000Z,https://instagram.fmaa5-1.fna.fbcdn.net/v/t51.2885-15/489735084_17963991842885562_3273581796916487051_n.jpg?stp=dst-jpg_e15_tt6&efg=eyJ2ZW5jb2RlX3RhZyI6IkNBUk9VU0VMX0lURU0uaW1hZ2VfdXJsZ2VuLjcyMHgxMjgwLnNkci5mNzU3NjEuZGVmYXVsdF9jb3Zlcl9mcmFtZSJ9&_nc_ht=instagram.fmaa5-1.fna.fbcdn.net&_nc_cat=106&_nc_oc=Q6cZ2QG5h8e7WjT_rNX8sTF5k48dGN3-eccLWjrubxF33KwVzQ-8s8cJnJNEH90wAqjr9PIxFYiAYFE5ZK6VAFwwO9la&_nc_ohc=TiV1QUEWx6IQ7kNvwFjistM&_nc_gid=Z09bNrHlCNFffmhWbmVrNw&edm=AFlAz-oBAAAA&ccb=7-5&ig_cache_key=MzYwNjI4MTkyMjY2MjEzMjY3Mg%3D%3D.3-ccb7-5&oh=00_AfJAsRHw70IYCmOShyMbZlurAGfx-kq-inf-OBt-QX50Tw&oe=682F44E5&_nc_sid=76c0fc,13622,,corgi_dogs_lovers,,,,,2025-05-18T10:23:58.144524
DHlbjudipsL,instagram,Rate the cuteness in the comments ü•∞ ‚Ä¢ Follow üê∂ @cutestpupsdaily Follow üê∂ @cutestpupsdaily Follow üê∂ @cutestpupsdaily ‚Ä¢ All credits to their respective owners Credits: @lillygolden.retriever ‚Ä¢,"goldenretriever,dogsofinstagram,dog,goldenretrieversofinstagram,golden,goldenretrieverpuppy,dogs,puppy,goldenretrievers,goldensofinstagram,goldens,retreiver,dogstagram,puppiesofinstagram,instadog,puppylover,retrievers,love,doglovers,puppies,doglife,labrador,gloriousgoldens,cute,pets",2025-03-24T14:07:10.000Z,https://instagram.fmaa5-1.fna.fbcdn.net/v/t51.2885-15/486144847_17983119149800669_3832569968681921279_n.webp?efg=eyJ2ZW5jb2RlX3RhZyI6IkNBUk9VU0VMX0lURU0uaW1hZ2VfdXJsZ2VuLjE0NDB4MTc5Mi5zZHIuZjc1NzYxLmRlZmF1bHRfaW1hZ2UifQ&_nc_ht=instagram.fmaa5-1.fna.fbcdn.net&_nc_cat=101&_nc_oc=Q6cZ2QG5h8e7WjT_rNX8sTF5k48dGN3-eccLWjrubxF33KwVzQ-8s8cJnJNEH90wAqjr9PIxFYiAYFE5ZK6VAFwwO9la&_nc_ohc=FK8rwxA4TIYQ7kNvwEZNihV&_nc_gid=Z09bNrHlCNFffmhWbmVrNw&edm=AFlAz-oBAAAA&ccb=7-5&ig_cache_key=MzU5NTQwMTA2MzAxNDQyMDQ2Mg%3D%3D.3-ccb7-5&oh=00_AfJgJ5Bd1vfubTS9RB9mJ2LG1xEirm8Ou_oBwfKI4bpvRQ&oe=682F4154&_nc_sid=76c0fc,16095,,,,,,,2025-05-18T10:24:04.185371
DJZQb_0z1Br,instagram,"Sorry, we're having trouble playing this video.",,2025-05-08T13:41:53.000Z,https://instagram.fmaa5-1.fna.fbcdn.net/v/t51.2885-15/496107270_17965169420875815_8134848453703083625_n.jpg?stp=dst-jpg_e15_tt6&efg=eyJ2ZW5jb2RlX3RhZyI6IkNBUk9VU0VMX0lURU0uaW1hZ2VfdXJsZ2VuLjcyMHg4OTkuc2RyLmY3NTc2MS5kZWZhdWx0X2NvdmVyX2ZyYW1lIn0&_nc_ht=instagram.fmaa5-1.fna.fbcdn.net&_nc_cat=103&_nc_oc=Q6cZ2QG5h8e7WjT_rNX8sTF5k48dGN3-eccLWjrubxF33KwVzQ-8s8cJnJNEH90wAqjr9PIxFYiAYFE5ZK6VAFwwO9la&_nc_ohc=1Q87HzAjwmsQ7kNvwHIsTL-&_nc_gid=Z09bNrHlCNFffmhWbmVrNw&edm=AFlAz-oBAAAA&ccb=7-5&ig_cache_key=MzYyODAwMjQ0Njk1MTg0MDkyMg%3D%3D.3-ccb7-5&oh=00_AfKaeQhjj3Mkt0IWitLImRMYfIXzvYrlxvbDRvs2Sq8r9A&oe=682F4A52&_nc_sid=76c0fc,7812,,puppys.club,,,,,2025-05-18T10:24:10.167921
DHksPAmzUh8,instagram,"All-white puppies are here!! Their popularity is skyrocketing these days!! Many people reserve them even before we post the feed! üíï If you're interested, contact us right away! ÂÖ®ÁôΩÁöÑÊüØÈ°ø¬∑Âæ∑¬∑ÂõæÈõ∑Â∞îÂÆùÂÆùÊù•‰∫ÜÔºÅÔºÅ ÊúÄËøëËøôÁßçÂÆùÂÆùË∂äÊù•Ë∂äÂèóÊ¨¢ËøéÔºÅÔºÅ ÂæàÂ§ö‰∫∫Âú®Êàë‰ª¨ÂèëÂä®ÊÄÅ‰πãÂâçÂ∞±Â∑≤ÁªèÈ¢ÑÂÆö‰∫ÜÔºÅüíï ÁúãÂà∞‰∫ÜÂñúÊ¨¢Â∞±Ëµ∂Âø´ËÅîÁ≥ªÊàëÂêßÔºÅ ‡∏•‡∏π‡∏Å‡∏™‡∏∏‡∏ô‡∏±‡∏Ç Coton de Tulear ‡∏™‡∏µ‡∏Ç‡∏≤‡∏ß‡∏•‡πâ‡∏ß‡∏ô‡∏°‡∏≤‡πÅ‡∏•‡πâ‡∏ß‡∏Ñ‡πà‡∏∞!! ‡∏ï‡∏≠‡∏ô‡∏ô‡∏µ‡πâ‡∏ô‡πâ‡∏≠‡∏á‡∏û‡∏±‡∏ô‡∏ò‡∏∏‡πå‡∏ô‡∏µ‡πâ‡∏Æ‡∏≠‡∏ï‡∏°‡∏≤‡∏Å‡∏Ç‡∏∂‡πâ‡∏ô‡∏ó‡∏∏‡∏Å‡∏ß‡∏±‡∏ô‡πÄ‡∏•‡∏¢!! ‡∏´‡∏•‡∏≤‡∏¢‡∏Ñ‡∏ô‡∏à‡∏≠‡∏á‡∏Å‡πà‡∏≠‡∏ô‡∏à‡∏∞‡πÑ‡∏î‡πâ‡∏•‡∏á‡πÇ‡∏û‡∏™‡∏ï‡πå‡∏î‡πâ‡∏ß‡∏¢‡∏ã‡πâ‡∏≥! üíï ‡∏ñ‡πâ‡∏≤‡∏™‡∏ô‡πÉ‡∏à ‡∏ó‡∏±‡∏Å‡∏°‡∏≤‡πÑ‡∏î‡πâ‡πÄ‡∏•‡∏¢‡∏ô‡∏∞‡∏Ñ‡∏∞!","Cotondetulear,coton,cotondetulear,ÁΩëÁ∫¢ÁãóÁãó,ÁΩëÁ∫¢,puppy,petmodel",2025-03-24T07:20:42.000Z,https://instagram.fmaa5-1.fna.fbcdn.net/v/t51.2885-15/486208479_18043772714605681_1116988034024377152_n.jpg?stp=dst-jpg_e35_tt6&efg=eyJ2ZW5jb2RlX3RhZyI6IkNBUk9VU0VMX0lURU0uaW1hZ2VfdXJsZ2VuLjE0NDB4MTQ0MC5zZHIuZjc1NzYxLmRlZmF1bHRfaW1hZ2UifQ&_nc_ht=instagram.fmaa5-1.fna.fbcdn.net&_nc_cat=101&_nc_oc=Q6cZ2QE0tOZy1_At_L3mKrYcJj3UAECF1SJgKzhbJpSo_xZhOP9NmuCkf0AoTMJFHyNLRJU0mYnC_6QRW8UOrWreao58&_nc_ohc=HRzp40-c7lgQ7kNvwH8YAyG&_nc_gid=6AoZChdlCITBiWo7pR4hKA&edm=AFlAz-oBAAAA&ccb=7-5&ig_cache_key=MzU5NTE5Mjk0MDYzOTQ5MTUyOQ%3D%3D.3-ccb7-5&oh=00_AfLqkbh539pD8f8yeuWTQHIym1PkM8SwhI6FrhMW7J71IA&oe=682F2460&_nc_sid=76c0fc,1075,,,,,,,2025-05-18T10:24:37.251202
DJafNeczDSh,instagram,ÏßëÏàúÏù¥Ïùò ÏïÑÏπ®‚òÄÔ∏è,,2025-05-09T01:10:13.000Z,https://instagram.fmaa5-1.fna.fbcdn.net/v/t51.2885-15/496249949_18498841201023513_1512445426967161178_n.jpg?stp=dst-jpg_e35_tt6&efg=eyJ2ZW5jb2RlX3RhZyI6IkNBUk9VU0VMX0lURU0uaW1hZ2VfdXJsZ2VuLjEwMDF4MTIzOS5zZHIuZjc1NzYxLmRlZmF1bHRfaW1hZ2UifQ&_nc_ht=instagram.fmaa5-1.fna.fbcdn.net&_nc_cat=1&_nc_oc=Q6cZ2QE0tOZy1_At_L3mKrYcJj3UAECF1SJgKzhbJpSo_xZhOP9NmuCkf0AoTMJFHyNLRJU0mYnC_6QRW8UOrWreao58&_nc_ohc=0ZutsVSQW7MQ7kNvwErdRkx&_nc_gid=6AoZChdlCITBiWo7pR4hKA&edm=AFlAz-oBAAAA&ccb=7-5&ig_cache_key=MzYyODM0OTcwOTA3NTA1MTYzMA%3D%3D.3-ccb7-5&oh=00_AfI2NL_v_UIrYxLA7seQWEgQKbv-1-UexqeLjW53mV617A&oe=682F2122&_nc_sid=76c0fc,187989,,,,,,,2025-05-18T10:24:43.284570
DGI2RF7z9s9,instagram,‡∏£‡∏£. ‡∏≠‡∏ô‡∏∏‡∏ö‡∏≤‡∏•‡∏î‡∏±‡∏ä‡∏ä‡∏∏‡∏ô üòä . . . . . ‡πâ‡∏Å‡∏£‡∏≠‡∏Å ‡∏±‡∏ä‡∏ä‡∏∏‡∏ô‡∏Ç‡∏ô‡∏¢‡∏≤‡∏ß ‡∏±‡∏ä‡∏ä‡∏∏‡∏ô,"bambithumperdachshund,miniaturedachshund,dachshund,doglovers,dachshundoftheday,sausagecentral,dogsofinstagram,doxie,doxiesofinstagram,sausagedog,dogs,puppy,wienerdog,dachshunds,dachshundpuppy,puppylife,puppylove,dachshundsofinstagram,sausagedogcentral,minidachshund,dachshundlove,puppiesofinstagram,doxielove,minidoxie,dogstagram,‡∏´‡∏°‡∏≤‡πÑ‡∏™,‡∏î,‡∏î,„Éü„Éã„ÉÅ„É•„Ç¢„ÉÄ„ÉÉ„ÇØ„Çπ„Éï„É≥„Éâ,„ÉÄ„ÉÉ„ÇØ„Çπ„Éï„É≥„Éâ",2025-02-16T15:11:11.000Z,https://instagram.fmaa5-1.fna.fbcdn.net/v/t51.29350-15/480613965_3936636256616592_5223475918934944010_n.jpg?stp=dst-jpg_e15_tt6&efg=eyJ2ZW5jb2RlX3RhZyI6IkNBUk9VU0VMX0lURU0uaW1hZ2VfdXJsZ2VuLjcyMHg5MDAuc2RyLmYyOTM1MC5kZWZhdWx0X2NvdmVyX2ZyYW1lIn0&_nc_ht=instagram.fmaa5-1.fna.fbcdn.net&_nc_cat=100&_nc_oc=Q6cZ2QE0tOZy1_At_L3mKrYcJj3UAECF1SJgKzhbJpSo_xZhOP9NmuCkf0AoTMJFHyNLRJU0mYnC_6QRW8UOrWreao58&_nc_ohc=-WNtvjjFpoUQ7kNvwFoc-XG&_nc_gid=6AoZChdlCITBiWo7pR4hKA&edm=AFlAz-oBAAAA&ccb=7-5&ig_cache_key=MzU2OTM0MDMxMTMzODMxNDYzNQ%3D%3D.3-ccb7-5&oh=00_AfIB5Z2Vwf7qYk6YhzsG3MUv5tp_KSzHShOIZKjA1P1FCQ&oe=682F422A&_nc_sid=76c0fc,4747,,,,,,,2025-05-18T10:24:49.335672
DH_lKi0SivZ,instagram,Mom and babies loveüß∏‚ô•Ô∏èüòç ‚ûñ Rate this cuteness out of 10 üíó ‚ûñ Follow our page üëâ@cutelittlepupsofig for a daily dose of cuteness! üòçü§ó - Tag someone who needs to see this üíô - Credit by üé• @cavalier_moscow - Follow üëâ @cutelittlepupsofig Follow üëâ @cutelittlepupsofig Follow üëâ @cutelittlepupsofig - DM us for featuring pricing ‚ù§ . . . . . . .,"toypoodle,poodle,dog,dogsofinstagram,dogstagram,poodlesofinstagram,puppy,poodlelove,dogs,instadog,redtoypoodle,poodlepuppy,doglife,puppiesofinstagram,dogoftheday,cute,poodlegram,toypoodlelove,poodlelife,toypoodlepuppy,doglovers,redpoodle,toypoodlegram,puppylove,doglover,toypoodlesofinstagram,pet",2025-04-03T17:51:21.000Z,https://instagram.fmaa5-1.fna.fbcdn.net/v/t51.2885-15/488416836_18008141195720872_6936157139274374186_n.jpg?stp=dst-jpg_e15_tt6&efg=eyJ2ZW5jb2RlX3RhZyI6IkNBUk9VU0VMX0lURU0uaW1hZ2VfdXJsZ2VuLjcyMHg5MDAuc2RyLmY3NTc2MS5kZWZhdWx0X2NvdmVyX2ZyYW1lIn0&_nc_ht=instagram.fmaa5-1.fna.fbcdn.net&_nc_cat=104&_nc_oc=Q6cZ2QE0tOZy1_At_L3mKrYcJj3UAECF1SJgKzhbJpSo_xZhOP9NmuCkf0AoTMJFHyNLRJU0mYnC_6QRW8UOrWreao58&_nc_ohc=7dx5t9o-vg0Q7kNvwE0no0L&_nc_gid=6AoZChdlCITBiWo7pR4hKA&edm=AFlAz-oBAAAA&ccb=7-5&ig_cache_key=MzYwMjc2MTU2NTI0Mzg4NTQ1OA%3D%3D.3-ccb7-5&oh=00_AfJ-OYmZmWc7XJpr5N9Z8t3XkAwJ6GWZqqDU9F04YzPNzQ&oe=682F4985&_nc_sid=76c0fc,7493,,,,,,,2025-05-18T10:24:55.314759
DJZDqoUJBCn,instagram,üê∂ LINK IN BIO - Get All these Dog Products ‚ù§Ô∏è Sale Soon ‚è≥ ‚ú®Press link in @puppy.acts Bio to Shop ‚ú® ‚≠êÔ∏è SAVE 10%-50% Off Limited Time Only! @puppy.acts üåç Worldwide Shipping . . .,"dog,dogsofinstagram,dogs,puppy,doglover,dogstagram,instadog,doglife,dogoftheday,love,doglovers,pet,cute,puppylove,loyaldog,puppiesofinstagram,pets,instagram,puppies",2025-05-08T11:50:17.000Z,https://instagram.fmaa5-1.fna.fbcdn.net/v/t51.2885-15/496430642_17935939224001601_1807058655967764626_n.jpg?stp=dst-jpg_e15_tt6&efg=eyJ2ZW5jb2RlX3RhZyI6IkNBUk9VU0VMX0lURU0uaW1hZ2VfdXJsZ2VuLjU3Nng3Njguc2RyLmY3NTc2MS5kZWZhdWx0X2NvdmVyX2ZyYW1lIn0&_nc_ht=instagram.fmaa5-1.fna.fbcdn.net&_nc_cat=105&_nc_oc=Q6cZ2QE0tOZy1_At_L3mKrYcJj3UAECF1SJgKzhbJpSo_xZhOP9NmuCkf0AoTMJFHyNLRJU0mYnC_6QRW8UOrWreao58&_nc_ohc=yWJ4BbgpOQMQ7kNvwFFhQdc&_nc_gid=6AoZChdlCITBiWo7pR4hKA&edm=AFlAz-oBAAAA&ccb=7-5&ig_cache_key=MzYyNzk0MzEyMDQxNDcxMDg5Ng%3D%3D.3-ccb7-5&oh=00_AfLbNHtljbfZpg9wdzd7LsWCLiq6AwsncCOIC-czZpm6GQ&oe=682F31BE&_nc_sid=76c0fc,4150,,puppy.acts,,,,,2025-05-18T10:25:04.346219
DJC_OKdTTUe,instagram,Puppy pic spam and zero regretsüòç‚ú® . üì∏ - Sony Alpha A7 IV @ sonyalpha @ sony ‚Ä¢ ‚Ä¢ * ‚Ä¢ ‚Ä¢ ‚Ä¢ ‚Ä¢ ‚Ä¢ ‚Ä¢ ‚Ä¢ ‚Ä¢ ‚Ä¢ ‚Ä¢ ‚Ä¢,"australianshepherd,aussie,dogsofinstagram,aussiesofinstagram,dog,puppy,australianshepherdsofinstagram,aussiepuppy,aussiesdoingthings,dogs,australianshepherdworld,aussielove,puppiesofinstagram,puppylove,bluemerle,losangeles,aussieshepherd,wigglebuttkoda,aussielovers,standardaussie,doglife,dogoftheday,pupiranha,aussies,funny,australianshepherdpuppy,australianshepherds,california,instadog,bluemerleaussie",2025-04-29T22:08:10.000Z,https://instagram.fmaa5-1.fna.fbcdn.net/v/t51.2885-15/491893262_18043492838576972_5371685820752099795_n.jpg?stp=dst-jpg_e35_tt6&efg=eyJ2ZW5jb2RlX3RhZyI6IkNBUk9VU0VMX0lURU0uaW1hZ2VfdXJsZ2VuLjE0NDB4MTgwMC5zZHIuZjc1NzYxLmRlZmF1bHRfaW1hZ2UifQ&_nc_ht=instagram.fmaa5-1.fna.fbcdn.net&_nc_cat=108&_nc_oc=Q6cZ2QE0tOZy1_At_L3mKrYcJj3UAECF1SJgKzhbJpSo_xZhOP9NmuCkf0AoTMJFHyNLRJU0mYnC_6QRW8UOrWreao58&_nc_ohc=lQGlkwamLQ0Q7kNvwHM_AWU&_nc_gid=6AoZChdlCITBiWo7pR4hKA&edm=AFlAz-oBAAAA&ccb=7-5&ig_cache_key=MzYyMTczNTA4MTUxNTQ4MDY2Mw%3D%3D.3-ccb7-5&oh=00_AfIptcoFRdIm7GHegJPDVJ1AIsN3-9Cnh_TyMV-WJ-OG7A&oe=682F36C5&_nc_sid=76c0fc,32094,,wigglebutt_koda,,,,,2025-05-18T10:25:12.349038
DI5aOfTTfSX,instagram,üê∂ LINK IN BIO - Get All these Dog Products ‚ù§Ô∏è Sale Ends Soon ‚è≥ ‚ú®Press link in @frenchiecutepuppy Bio to Shop ‚ú® ‚≠êÔ∏è SAVE 10%-50% Off Limited Time Only! @frenchiecutepuppy üåç Worldwide Shipping . . .,"frenchiepuppy,frenchie,frenchbulldog,frenchiesofinstagram,frenchielove,frenchies,frenchielife,frenchieoftheday,puppy,frenchiesociety,puppylove,dogsofinstagram,frenchbulldogsofinstagram,frenchiegram,dog,frenchbulldogs,bulldog,frenchbulldogpuppy,puppiesofinstagram,dogs,bulldogfrances,puppies,frenchieworld,instafrenchie,ilovemyfrenchie,frenchielovers,bulldogsofinstagram,frenchiephotos,dogstagram,loveq",2025-04-26T04:51:44.000Z,https://instagram.fmaa5-1.fna.fbcdn.net/v/t51.2885-15/493684921_17935079349010005_5550531762431943795_n.jpg?stp=dst-jpg_e15_tt6&efg=eyJ2ZW5jb2RlX3RhZyI6IkNBUk9VU0VMX0lURU0uaW1hZ2VfdXJsZ2VuLjcyMHg5MDAuc2RyLmY3NTc2MS5kZWZhdWx0X2NvdmVyX2ZyYW1lIn0&_nc_ht=instagram.fmaa5-1.fna.fbcdn.net&_nc_cat=109&_nc_oc=Q6cZ2QE0tOZy1_At_L3mKrYcJj3UAECF1SJgKzhbJpSo_xZhOP9NmuCkf0AoTMJFHyNLRJU0mYnC_6QRW8UOrWreao58&_nc_ohc=C9u9iwK3PwsQ7kNvwH5zuVq&_nc_gid=6AoZChdlCITBiWo7pR4hKA&edm=AFlAz-oBAAAA&ccb=7-5&ig_cache_key=MzYxOTAzNTY3MDIzNDUzMjQ1NQ%3D%3D.3-ccb7-5&oh=00_AfKJ8CaFIN9abuRPeW7mPWeRrrKCP_pQBhSDN6Wb0CFnOg&oe=682F4BB7&_nc_sid=76c0fc,2959,,frenchiecutepuppy,,,,,2025-05-18T10:25:19.352348
